id,email,username,first_name,last_name,password
1,safar@test.com,safar@test.com,Safar, Ligal,admin123
2,navin@test.com,navin@test.com,Navin,Ayer,admin123
3,bibek@test.com,bibek@test.com,Bibek,Dahal,admin123
4,ankit@test.com,ankit@test.com,Ankit,Mehta,admin123
5,aditya@test.com,aditya@test.com,Aditya,Khatri,admin123
6,prabesh@test.com,prabesh@test.com,Prabes,Pathak,admin123
